,sensor_1,sensor_2,sensor_3,sensor_4,sensor_5,sensor_6,sensor_7,sensor_8,sensor_9,sensor_10
count,60001.0,60001.0,60001.0,60001.0,60001.0,60001.0,60001.0,60001.0,60001.0,60001.0
mean,18839.763681777098,79794.03806343305,28833.99236592311,44581.87970314245,0.0,49186.383243496166,54631.18206151706,58083.813580115435,52345.57327490586,49209.86587211299
std,71814.6193726699,145748.08921351074,65160.11978259933,82865.34322408657,0.0,163493.21094620222,115377.44525590073,140575.44455236278,74702.58419162048,137673.66743581975
min,9.828960456260184,2.512442142135913,5.117215794551534,1.3367895820202305,0.0,21.058219084678637,29.567574722186986,35.75749618223836,35.36639404889856,21.04435791882696
25%,1472.2764847681176,10304.73652209328,3182.39127001538,6674.775942912479,0.0,11790.96234508,6310.898357569143,5657.715805065245,15883.913863592745,5411.282503629721
50%,3317.420910202421,22079.44097272397,6514.756084559377,16024.583382858003,0.0,24470.556758798066,25046.35125473689,16802.30116750704,31057.298994489214,12732.030554147317
75%,7756.120448223353,63964.857825274376,24154.070892435084,42127.744938617565,0.0,47289.965588165665,67511.03971370816,67264.6765018612,53949.91850502313,33680.24899895878
max,2814528.283351889,1678324.7027145496,1572400.3514090928,3335457.8954812014,0.0,10065409.092589533,4747635.895994187,6373482.688799041,2241964.2528967336,5210350.2445957605
